{
"alert":{
"sounds":[{"name":"alert","stream":true}],"category":"master"},
"annoyingdemo":{
"sounds":[{"name":"annoyingdemo","stream":true}],"category":"master"},
"b2":{
"sounds":[{"name":"b2","stream":true}],"category":"master"},
"b3":{
"sounds":[{"name":"b3","stream":true}],"category":"master"},
"b4":{
"sounds":[{"name":"b4","stream":true}],"category":"master"},
"b5":{
"sounds":[{"name":"b5","stream":true}],"category":"master"},
"Beast":{
"sounds":[{"name":"Beast","stream":true}],"category":"master"},
"beep":{
"sounds":[{"name":"beep","stream":true}],"category":"master"},
"bloop1":{
"sounds":[{"name":"bloop1","stream":true}],"category":"master"},
"breathe":{
"sounds":[{"name":"breathe","stream":true}],"category":"master"},
"bulb1":{
"sounds":[{"name":"bulb1","stream":true}],"category":"master"},
"bulb2":{
"sounds":[{"name":"bulb2","stream":true}],"category":"master"},
"bulb3":{
"sounds":[{"name":"bulb3","stream":true}],"category":"master"},
"combat":{
"sounds":[{"name":"combat","stream":true}],"category":"master"},
"copy":{
"sounds":[{"name":"copy","stream":true}],"category":"master"},
"dead":{
"sounds":[{"name":"dead","stream":true}],"category":"master"},
"elevator":{
"sounds":[{"name":"elevator","stream":true}],"category":"master"},
"fart":{
"sounds":[{"name":"fart","stream":true}],"category":"master"},
"feedback":{
"sounds":[{"name":"feedback","stream":true}],"category":"master"},
"flashoff":{
"sounds":[{"name":"flashoff","stream":true}],"category":"master"},
"flashon":{
"sounds":[{"name":"flashon","stream":true}],"category":"master"},
"forest":{
"sounds":[{"name":"forest","stream":true}],"category":"master"},
"gate1":{
"sounds":[{"name":"gate1","stream":true}],"category":"master"},
"gate2":{
"sounds":[{"name":"gate2","stream":true}],"category":"master"},
"intro":{
"sounds":[{"name":"intro","stream":true}],"category":"master"},
"iy":{
"sounds":[{"name":"iy","stream":true}],"category":"master"},
"message":{
"sounds":[{"name":"message","stream":true}],"category":"master"},
"radio":{
"sounds":[{"name":"radio","stream":true}],"category":"master"},
"s1":{
"sounds":[{"name":"s1","stream":true}],"category":"master"},
"s2":{
"sounds":[{"name":"s2","stream":true}],"category":"master"},
"s3":{
"sounds":[{"name":"s3","stream":true}],"category":"master"},
"s4":{
"sounds":[{"name":"s4","stream":true}],"category":"master"},
"s5":{
"sounds":[{"name":"s5","stream":true}],"category":"master"},
"s6":{
"sounds":[{"name":"s6","stream":true}],"category":"master"},
"s7":{
"sounds":[{"name":"s7","stream":true}],"category":"master"},
"s8":{
"sounds":[{"name":"s8","stream":true}],"category":"master"},
"s9":{
"sounds":[{"name":"s9","stream":true}],"category":"master"},
"s10":{
"sounds":[{"name":"s10","stream":true}],"category":"master"},
"s11":{
"sounds":[{"name":"s11","stream":true}],"category":"master"},
"scream":{
"sounds":[{"name":"scream","stream":true}],"category":"master"},
"scream1":{
"sounds":[{"name":"scream1","stream":true}],"category":"master"},
"scream2":{
"sounds":[{"name":"scream2","stream":true}],"category":"master"},
"scream3":{
"sounds":[{"name":"scream3","stream":true}],"category":"master"},
"sewer":{
"sounds":[{"name":"sewer","stream":true}],"category":"master"},
"she":{
"sounds":[{"name":"she","stream":true}],"category":"master"},
"slam":{
"sounds":[{"name":"slam","stream":true}],"category":"master"},
"static":{
"sounds":[{"name":"static","stream":true}],"category":"master"},
"static2":{
"sounds":[{"name":"static2","stream":true}],"category":"master"},
"taser":{
"sounds":[{"name":"taser","stream":true}],"category":"master"},
"tension":{
"sounds":[{"name":"tension","stream":true}],"category":"master"},
"troll":{
"sounds":[{"name":"troll","stream":true}],"category":"master"}
}