{"stat.beaconInteraction":10,"stat.useItem.minecraft.string":67,"stat.useItem.minecraft.painting":30,"stat.leaveGame":29,"stat.useItem.minecraft.soul_sand":27,"stat.killEntity.Ozelot":3,"stat.drop.minecraft.redstone":24,"stat.useItem.minecraft.glowstone":9,"stat.useItem.minecraft.planks":79,"stat.pickup.minecraft.porkchop":3,"stat.pickup.minecraft.glass":1,"stat.useItem.minecraft.water_bucket":348,"stat.pickup.minecraft.rotten_flesh":1,"stat.drop.minecraft.redstone_torch":1,"stat.pickup.minecraft.sand":8,"stat.useItem.minecraft.rail":455,"stat.useItem.minecraft.anvil":1,"stat.pickup.minecraft.brown_mushroom":5,"stat.drop.minecraft.sand":1,"stat.useItem.minecraft.fence_gate":1,"stat.hopperInspected":40,"stat.useItem.minecraft.spawn_egg":111,"stat.pickup.minecraft.packed_ice":2,"stat.useItem.minecraft.oak_stairs":3,"stat.furnaceInteraction":12,"stat.pickup.minecraft.wooden_button":40,"stat.drop.minecraft.red_flower":3,"stat.drop.minecraft.wooden_pressure_plate":4,"stat.useItem.minecraft.minecart":4,"stat.useItem.minecraft.redstone":628,"achievement.mineWood":1,"stat.useItem.minecraft.stained_glass":3,"stat.useItem.minecraft.fence":339,"stat.useItem.minecraft.dark_oak_door":6,"achievement.openInventory":720,"stat.useItem.minecraft.wooden_button":58,"stat.useItem.minecraft.hopper":80,"stat.pickup.minecraft.lever":7,"stat.playOneMinute":640976,"stat.pickup.minecraft.diamond_block":64,"stat.pickup.minecraft.glass_pane":2,"stat.pickup.minecraft.iron_bars":1,"stat.chestOpened":6,"stat.pickup.minecraft.spruce_door":1,"stat.useItem.minecraft.stone":4152,"stat.drop.minecraft.hopper":1,"stat.drop.minecraft.packed_ice":2,"stat.useItem.minecraft.sponge":4,"stat.pickup.minecraft.arrow":25923,"stat.pickup.minecraft.wooden_pressure_plate":30,"stat.pickup.minecraft.detector_rail":2,"stat.useItem.minecraft.packed_ice":449,"stat.drop.minecraft.stone":2,"stat.pickup.minecraft.carrot":8,"stat.crouchOneCm":21615,"stat.pickup.minecraft.rail":25,"stat.pickup.minecraft.painting":11,"stat.dropperInspected":18,"stat.pickup.minecraft.comparator":3,"stat.pickup.minecraft.repeater":50,"stat.useItem.minecraft.golden_rail":877,"stat.pickup.minecraft.feather":48,"stat.useItem.minecraft.furnace":5,"stat.pickup.minecraft.slime":2,"stat.pickup.minecraft.wheat_seeds":16,"stat.useItem.minecraft.wool":116,"stat.drop.minecraft.stick":3,"stat.useItem.minecraft.iron_bars":2,"stat.pickup.minecraft.flint_and_steel":1,"stat.useItem.minecraft.torch":169,"stat.drop.minecraft.porkchop":1,"stat.useItem.minecraft.log":331,"stat.useItem.minecraft.comparator":34,"stat.useItem.minecraft.cobblestone":90,"stat.pickup.minecraft.log":1,"stat.drop.minecraft.sign":8,"stat.drop.minecraft.glass_pane":2,"stat.drop.minecraft.sapling":3,"stat.pickup.minecraft.hopper":3,"stat.pickup.minecraft.chicken":60,"stat.pickup.minecraft.sapling":136,"stat.useItem.minecraft.tallgrass":10,"stat.pickup.minecraft.apple":9,"stat.useItem.minecraft.glass_pane":31,"stat.pickup.minecraft.banner":1,"stat.useItem.minecraft.wooden_pressure_plate":360,"stat.useItem.minecraft.stonebrick":116,"stat.useItem.minecraft.grass_path":242,"stat.useItem.minecraft.spruce_door":7,"stat.pickup.minecraft.red_flower":5,"stat.sneakTime":50946,"stat.pickup.minecraft.yellow_flower":1,"stat.pickup.minecraft.golden_rail":36,"stat.pickup.minecraft.tripwire_hook":17,"stat.pickup.minecraft.bone":3,"stat.pickup.minecraft.redstone_torch":17,"stat.useItem.minecraft.repeater":207,"stat.pickup.minecraft.spruce_fence_gate":1,"stat.drop.minecraft.tripwire_hook":5,"stat.useItem.minecraft.beacon":3,"stat.useItem.minecraft.diamond_sword":52,"stat.swimOneCm":25982,"stat.climbOneCm":259,"stat.drop.minecraft.sticky_piston":1,"stat.drop.minecraft.cobblestone":1,"stat.pickup.minecraft.cooked_porkchop":1,"stat.useItem.minecraft.redstone_torch":137,"stat.useItem.minecraft.obsidian":412,"stat.pickup.minecraft.sticky_piston":4,"stat.useItem.minecraft.dirt":978,"achievement.exploreAllBiomes":{"value":0,"progress":["Extreme Hills+","Forest","River","Plains","Taiga","Extreme Hills","TaigaHills"]},"stat.useItem.minecraft.detector_rail":9,"stat.pickup.minecraft.cobblestone":4,"stat.flyOneCm":4085148,"stat.pickup.minecraft.cactus":9,"stat.pickup.minecraft.redstone":646,"stat.timeSinceDeath":640976,"stat.useItem.minecraft.sign":112,"stat.useItem.minecraft.wooden_slab":4,"stat.useItem.minecraft.iron_door":1,"stat.drop.minecraft.repeater":17,"stat.useItem.minecraft.lever":15,"stat.drop.minecraft.iron_bars":1,"stat.pickup.minecraft.dark_oak_door":1,"stat.drop.minecraft.stained_glass":1,"stat.pickup.minecraft.redstone_lamp":3,"stat.killEntity.Creeper":3,"stat.useItem.minecraft.chest_minecart":298,"stat.drop.minecraft.redstone_lamp":2,"stat.useItem.minecraft.sea_lantern":2,"stat.drop.minecraft.obsidian":1,"stat.useItem.minecraft.dropper":16,"stat.sprintOneCm":61053,"stat.useItem.minecraft.stone_slab":948,"stat.pickup.minecraft.spawn_egg":2190,"stat.drop":88,"stat.useItem.minecraft.banner":10,"stat.killEntity.Zombie":3,"stat.diveOneCm":3771,"stat.pickup.minecraft.wheat":8,"stat.useItem.minecraft.sticky_piston":226,"stat.pickup.minecraft.sign":32,"stat.useItem.minecraft.diamond_axe":10,"stat.pickup.minecraft.obsidian":1,"stat.useItem.minecraft.carpet":30,"stat.useItem.minecraft.heavy_weighted_pressure_plate":4,"stat.useItem.minecraft.flower_pot":2,"stat.useItem.minecraft.bedrock":2,"stat.jump":1208,"stat.useItem.minecraft.sand":429,"stat.useItem.minecraft.iron_trapdoor":2,"stat.pickup.minecraft.fence":12,"stat.pickup.minecraft.iron_ingot":8,"stat.useItem.minecraft.piston":94,"stat.pickup.minecraft.gunpowder":3,"stat.pickup.minecraft.dirt":31,"stat.drop.minecraft.piston":2,"stat.drop.minecraft.glass":1,"stat.useItem.minecraft.dispenser":98,"stat.useItem.minecraft.glass":1163,"stat.boatOneCm":2209,"stat.pickup.minecraft.command_block":1,"stat.useItem.minecraft.redstone_lamp":58,"stat.dispenserInspected":135,"stat.useItem.minecraft.slime":136,"stat.pickup.minecraft.stained_glass":1,"stat.damageDealt":3833,"stat.useItem.minecraft.snow_layer":8,"stat.pickup.minecraft.piston":2,"stat.pickup.minecraft.boat":9,"stat.useItem.minecraft.command_block":6,"stat.walkOneCm":315175,"stat.useItem.minecraft.chest":4,"stat.pickup.minecraft.stick":34,"stat.useItem.minecraft.pumpkin":3,"stat.useItem.minecraft.tnt":3,"stat.useItem.minecraft.lava_bucket":2,"stat.useItem.minecraft.redstone_block":204,"stat.pickup.minecraft.tnt":1774,"stat.useItem.minecraft.spruce_stairs":37,"stat.pickup.minecraft.stone":13,"stat.useItem.minecraft.leaves":910,"stat.useItem.minecraft.redstone_ore":65,"stat.useItem.minecraft.cactus":25,"stat.killEntity.Skeleton":3,"stat.useItem.minecraft.tripwire_hook":52,"stat.useItem.minecraft.iron_block":68,"stat.mobKills":16,"stat.useItem.minecraft.boat":38,"stat.pickup.minecraft.water_bucket":4,"stat.useItem.minecraft.hopper_minecart":1,"stat.pickup.minecraft.torch":25,"stat.pickup.minecraft.lava_bucket":1,"stat.drop.minecraft.arrow":3}