{"stat.useItem.minecraft.string":52,"stat.useItem.minecraft.bow":196,"stat.useItem.minecraft.chain_command_block":3,"stat.useItem.minecraft.quartz_block":294,"stat.useItem.minecraft.painting":18,"stat.leaveGame":15,"stat.useItem.minecraft.bookshelf":15,"stat.killEntity.Ozelot":4,"stat.useItem.minecraft.soul_sand":2,"stat.drop.minecraft.redstone":2,"stat.useItem.minecraft.lead":1,"stat.drop.minecraft.shield":1,"stat.useItem.minecraft.planks":362,"stat.craftItem.minecraft.shield":2,"stat.useItem.minecraft.water_bucket":47,"stat.drop.minecraft.iron_sword":4,"stat.pickup.minecraft.rotten_flesh":84,"stat.useItem.minecraft.vine":3,"stat.useItem.minecraft.rail":22,"stat.useItem.minecraft.anvil":5,"stat.killEntity.Witch":1,"stat.hopperInspected":22,"stat.useItem.minecraft.spawn_egg":120,"stat.useItem.minecraft.oak_stairs":9,"stat.useItem.minecraft.dark_oak_stairs":39,"stat.craftItem.minecraft.leather_helmet":1,"stat.useItem.minecraft.redstone":1311,"stat.useItem.minecraft.trapdoor":34,"stat.useItem.minecraft.stained_glass":8,"stat.useItem.minecraft.fence":71,"achievement.openInventory":803,"stat.useItem.minecraft.flint_and_steel":3,"stat.useItem.minecraft.wooden_button":12,"stat.useItem.minecraft.hopper":9,"stat.useItem.minecraft.dye":31,"stat.pickup.minecraft.lever":1,"stat.deaths":19,"stat.playOneMinute":694634,"stat.pickup.minecraft.birch_door":2,"stat.pickup.minecraft.iron_bars":1,"stat.chestOpened":51,"stat.useItem.minecraft.stone":2187,"stat.pickup.minecraft.iron_sword":11,"stat.pickup.minecraft.arrow":348,"stat.useItem.minecraft.ender_chest":2,"stat.useItem.minecraft.packed_ice":16,"stat.fallOneCm":13913,"stat.drop.minecraft.stone_sword":3,"stat.crouchOneCm":18526,"stat.craftItem.minecraft.banner":9,"stat.pickup.minecraft.painting":2,"stat.craftingTableInteraction":6,"stat.dropperInspected":1,"stat.pickup.minecraft.repeater":7,"stat.useItem.minecraft.dark_oak_fence":25,"stat.pickup.minecraft.dye":54,"stat.pickup.minecraft.lead":2,"stat.useItem.minecraft.wool":419,"stat.useItem.minecraft.torch":189,"stat.pickup.minecraft.golden_apple":1,"stat.useItem.minecraft.log":165,"stat.useItem.minecraft.comparator":10,"stat.useItem.minecraft.cobblestone":188,"stat.craftItem.minecraft.leather_boots":1,"stat.useItem.minecraft.gravel":223,"stat.pickup.minecraft.wooden_door":1,"stat.pickup.minecraft.banner":4,"stat.useItem.minecraft.birch_door":16,"stat.drop.minecraft.fish":1,"stat.useItem.minecraft.iron_sword":184,"stat.pickup.minecraft.stone_sword":3,"stat.useItem.minecraft.wooden_pressure_plate":41,"stat.useItem.minecraft.stonebrick":256,"stat.useItem.minecraft.wooden_door":6,"stat.useItem.minecraft.spruce_door":6,"stat.sneakTime":32788,"stat.useItem.minecraft.baked_potato":25,"stat.craftItem.minecraft.leather_leggings":1,"stat.pickup.minecraft.tripwire_hook":2,"stat.pickup.minecraft.bone":45,"stat.pickup.minecraft.redstone_torch":5,"stat.useItem.minecraft.repeater":251,"stat.useItem.minecraft.skull":4,"stat.pickup.minecraft.leather_chestplate":7,"stat.useItem.minecraft.diamond_sword":106,"stat.swimOneCm":49475,"stat.climbOneCm":18030,"stat.drop.minecraft.sticky_piston":1,"stat.enderchestOpened":3,"stat.useItem.minecraft.obsidian":235,"stat.useItem.minecraft.redstone_torch":156,"stat.pickup.minecraft.sticky_piston":1,"stat.useItem.minecraft.dirt":75,"stat.pickup.minecraft.bow":11,"achievement.exploreAllBiomes":{"value":0,"progress":["Ocean","Plains"]},"stat.useItem.minecraft.iron_ore":7,"stat.mineBlock.minecraft.carpet":4,"stat.useItem.minecraft.brick_block":608,"stat.flyOneCm":2613681,"stat.pickup.minecraft.fish":1,"stat.pickup.minecraft.redstone":58,"stat.timeSinceDeath":19763,"stat.useItem.minecraft.sign":147,"stat.useItem.minecraft.wooden_slab":177,"stat.useItem.minecraft.iron_door":12,"stat.useItem.minecraft.lever":5,"stat.pickup.minecraft.stonebrick":1,"stat.killEntity.Wolf":6,"stat.pickup.minecraft.carpet":18,"stat.useItem.minecraft.armor_stand":6,"stat.killEntity.Creeper":14,"stat.pickup.minecraft.shield":1,"stat.drop.minecraft.baked_potato":64,"stat.pickup.minecraft.string":20,"stat.useItem.minecraft.sea_lantern":25,"stat.entityKilledBy.Skeleton":1,"stat.useItem.minecraft.dropper":3,"stat.sprintOneCm":98588,"stat.useItem.minecraft.hay_block":10,"stat.useItem.minecraft.stone_slab":721,"stat.useItem.minecraft.structure_block":22,"stat.useItem.minecraft.stone_pressure_plate":28,"stat.pickup.minecraft.spawn_egg":1,"stat.drop":13,"stat.craftItem.minecraft.leather_chestplate":1,"stat.pickup.minecraft.stone_button":2,"stat.useItem.minecraft.banner":2,"stat.useItem.minecraft.ladder":29,"stat.pickup.minecraft.iron_block":3,"stat.killEntity.Zombie":59,"stat.useItem.minecraft.birch_stairs":19,"stat.diveOneCm":6662,"stat.useItem.minecraft.sticky_piston":100,"stat.pickup.minecraft.sign":21,"stat.useItem.minecraft.quartz_stairs":21,"stat.pickup.minecraft.gravel":1,"stat.useItem.minecraft.waterlily":2,"stat.useItem.minecraft.carpet":96,"stat.useItem.minecraft.stained_glass_pane":22,"stat.jump":1038,"stat.useItem.minecraft.iron_trapdoor":57,"stat.useItem.minecraft.sand":3,"stat.useItem.minecraft.piston":85,"stat.pickup.minecraft.gunpowder":8,"stat.pickup.minecraft.spider_eye":3,"stat.useItem.minecraft.stone_button":12,"stat.useItem.minecraft.coal_ore":24,"stat.drop.minecraft.piston":1,"stat.useItem.minecraft.glass":2302,"stat.useItem.minecraft.sapling":5,"stat.useItem.minecraft.redstone_lamp":17,"stat.damageTaken":4193,"stat.useItem.minecraft.stone_brick_stairs":66,"stat.mineBlock.minecraft.torch":1,"stat.useItem.minecraft.slime":10,"stat.useItem.minecraft.birch_fence":4,"stat.pickup.minecraft.potato":1,"stat.entityKilledBy.Zombie":2,"stat.damageDealt":13941,"stat.useItem.minecraft.snow_layer":7,"stat.useItem.minecraft.crafting_table":4,"stat.pickup.minecraft.piston":1,"stat.useItem.minecraft.command_block":13,"stat.walkOneCm":763874,"stat.useItem.minecraft.chest":9,"stat.useItem.minecraft.dark_oak_fence_gate":2,"stat.useItem.minecraft.lava_bucket":49,"stat.useItem.minecraft.redstone_block":8,"stat.useItem.minecraft.spruce_stairs":4,"stat.pickup.minecraft.baked_potato":315,"stat.useItem.minecraft.stained_hardened_clay":332,"stat.useItem.minecraft.leaves":97,"stat.useItem.minecraft.redstone_ore":10,"stat.useItem.minecraft.cactus":2,"stat.pickup.minecraft.ladder":1,"stat.useItem.minecraft.netherrack":5,"stat.useItem.minecraft.prismarine":9,"stat.killEntity.Skeleton":55,"stat.useItem.minecraft.tripwire_hook":16,"stat.useItem.minecraft.iron_block":2441,"stat.killEntity.Spider":4,"stat.mobKills":163,"stat.useItem.minecraft.cobblestone_wall":137,"stat.useItem.minecraft.writable_book":2,"stat.pickup.minecraft.torch":3}